user_id,item_id,recommend,fecha,sentiment_analysis
76561197970982479,1250,True,2011-11-05,2
76561197970982479,22200,True,2011-07-15,1
76561197970982479,43110,True,2011-04-21,2
js41637,251610,True,2014-06-24,2
js41637,227300,True,2013-09-08,2
js41637,239030,True,2013-11-29,2
evcentric,370360,True,2015-12-04,1
evcentric,237930,True,2014-11-03,2
evcentric,263360,True,2014-10-15,1
evcentric,107200,True,2014-10-15,2
evcentric,224500,True,2014-10-15,2
doctr,250320,True,2013-10-14,2
doctr,20920,True,2012-07-28,2
doctr,204100,True,2012-06-02,2
doctr,224600,True,2014-06-29,2
doctr,207610,True,2012-11-22,0
doctr,108710,True,2012-02-23,2
maplemage,211420,True,2014-04-15,1
maplemage,211820,True,2013-12-23,2
maplemage,730,True,2014-03-14,1
maplemage,204300,True,2013-07-11,2
Wackky,249130,True,2014-05-05,1
Wackky,207610,True,2012-12-24,1
Wackky,550,True,2012-10-21,2
Wackky,65800,True,2012-03-20,2
Wackky,220,True,2012-03-09,1
76561198089393905,72850,True,2015-02-01,0
76561198089393905,440,True,2014-06-20,1
76561198077246154,304930,True,2014-08-25,1
WeiEDKrSat,4000,True,2013-12-25,1
thequeenpanda,42910,True,2012-06-23,1
death-hunter,232090,True,2015-09-05,2
death-hunter,1250,True,2015-03-30,2
death-hunter,4000,True,2014-02-19,2
DJKamBer,304930,True,2014-07-14,2
DJKamBer,570,True,2013-04-27,2
DJKamBer,218620,True,2015-07-20,2
DJKamBer,224260,True,2013-11-04,2
DJKamBer,1250,True,2013-07-12,0
DJKamBer,440,True,2012-08-19,1
Rainbow-Dashie,730,True,2015-06-19,2
Rainbow-Dashie,440,True,2014-09-20,2
Rainbow-Dashie,49520,True,2014-09-07,1
76561198043472122,33440,False,2014-12-19,1
MarbleShrine,220200,True,2015-02-17,2
PPanther,211820,True,2014-06-07,2
devvonst,440,True,2014-02-12,2
devvonst,218740,True,2014-02-09,1
devvonst,550,True,2015-10-31,2
starkillershadow553,238090,True,2015-02-04,0
starkillershadow553,277430,True,2014-04-05,2
76561198058373434,8870,True,2015-01-08,2
76561198048353577,368230,True,2015-10-26,0
76561198048353577,33930,True,2013-03-20,2
76561198066046412,359320,False,2015-12-28,0
76561198066046412,219640,True,2015-05-19,2
tru_mu_,287980,True,2015-12-15,2
76561198070565427,208090,True,2015-08-21,1
76561198070565427,242700,True,2014-10-17,1
76561198070565427,570,False,2014-06-27,1
76561198070565427,224260,True,2014-04-28,1
SavageEeEe,221100,True,2015-11-12,2
76561198076909484,570,True,2014-06-18,1
KanadeTheNeko,331470,True,2014-11-20,2
KanadeTheNeko,4000,True,2014-05-29,2
GoAwayZach,304930,True,2014-12-29,2
76561198054540475,12210,True,2015-02-13,0
76561198054540475,265210,True,2014-12-26,1
76561198054540475,48700,True,2014-02-04,2
76561198061252210,730,True,2015-05-21,2
OfficialShroomsy,113200,True,2013-12-06,2
boydeer,440,True,2014-05-12,1
boydeer,383080,False,2015-08-24,1
VVillis,213670,True,2015-01-06,1
76561198083226897,105600,True,2015-12-22,1
76561198075277292,730,True,2015-06-23,0
76561198075277292,570,True,2015-09-11,2
76561198028895010,231180,True,2013-04-22,2
76561198028895010,620,True,2012-05-27,2
diego9031,223710,True,2015-12-05,1
diego9031,299360,True,2015-10-04,1
diego9031,322330,True,2015-10-03,1
diego9031,1250,True,2015-08-13,1
diego9031,12100,True,2015-02-22,1
diego9031,204360,True,2015-01-14,2
diego9031,440,True,2013-12-14,1
diego9031,224260,True,2013-12-01,2
jarrodtrim,440,True,2012-02-11,2
76561198067936203,440,True,2015-03-12,2
76561198079770573,1840,True,2015-10-14,1
76561198087586464,440,True,2013-10-27,2
Derp-e,440,True,2015-11-27,2
76561198070194565,233250,True,2014-10-09,1
76561198070194565,248570,True,2015-11-09,1
Rivtex,298630,True,2015-12-23,1
UTNerd24,244210,True,2014-05-06,2
UTNerd24,440,True,2015-12-02,1
UTNerd24,376920,True,2015-06-06,2
UTNerd24,257750,True,2015-09-29,2
UTNerd24,221910,True,2014-09-08,1
UTNerd24,2280,True,2013-12-15,0
sandwiches1,417860,False,2015-11-23,1
76561198138053270,218620,True,2014-06-01,2
lucaswerg,218620,True,2014-07-11,2
lucaswerg,222880,True,2014-11-14,1
Life-Of-Blu,377160,True,2015-11-13,2
Life-Of-Blu,211820,True,2013-12-15,2
CaptianAutismo,252490,True,2015-12-17,1
76561198075895633,440,True,2014-10-26,2
kube134,251990,True,2014-06-28,2
iamthekingofbrowntown,344760,False,2015-09-12,0
iamthekingofbrowntown,252950,True,2015-09-13,1
iamthekingofbrowntown,399730,True,2015-10-14,2
yookobz,377160,True,2015-11-19,2
yookobz,219150,True,2013-06-25,2
Posiblydead,277430,True,2014-04-11,2
Posiblydead,239820,True,2014-02-22,2
Posiblydead,17410,True,2012-09-24,2
Mossy_Gaming,440,True,2015-09-26,2
76561198102421718,270550,True,2015-06-12,2
76561198102421718,274940,True,2015-08-03,2
76561198102421718,333930,True,2015-06-26,0
76561198087407319,440,True,2014-01-15,1
76561198056741844,730,True,2014-10-14,1
sad-commie,212070,True,2014-07-09,0
sad-commie,264140,True,2014-03-13,1
76561198030567998,332800,True,2014-11-11,1
76561198030567998,319630,True,2015-07-21,2
76561198030567998,6020,True,2015-07-05,0
76561198030567998,55230,True,2015-03-12,2
76561198030567998,32430,True,2014-02-23,2
Coldaniel,35450,True,2015-03-22,2
Coldaniel,440,True,2014-08-21,1
Coldaniel,236390,True,2015-03-13,2
therealmorty,351570,True,2015-03-20,2
therealmorty,212680,True,2015-03-07,0
Berserklejerker,391540,True,2015-10-10,2
76561198061730629,550,True,2014-07-06,1
YoHuNz,440,True,2014-06-19,1
YoHuNz,570,True,2014-02-19,1
possessioniskey,72850,True,2015-04-11,2
possessioniskey,440,True,2015-12-24,2
possessioniskey,113400,True,2014-05-17,2
76561198093112529,440,True,2014-08-09,1
76561198060447950,200510,True,2015-09-26,2
whiteofwolfing,730,True,2015-05-22,2
sergarino,383080,True,2015-08-22,1
76561198081962345,1250,True,2014-04-05,1
Nozomikat,265610,True,2015-12-30,2
Nozomikat,264200,True,2014-08-01,1
Nozomikat,417860,True,2015-12-26,1
Nozomikat,333600,True,2015-04-14,2
Nozomikat,213670,True,2014-12-30,2
Nozomikat,91310,True,2013-12-04,2
Nozomikat,210770,True,2013-12-04,1
xfluttersx,351640,True,2015-11-10,2
xfluttersx,105600,True,2012-08-27,2
xfluttersx,440,True,2014-02-05,2
xfluttersx,47870,True,2013-01-27,2
xfluttersx,383080,True,2015-08-25,2
xfluttersx,410,True,2012-08-27,2
76561198056290589,730,True,2014-12-16,2
ii_voltage_ii,253710,False,2014-06-29,2
ii_voltage_ii,339280,True,2015-04-11,2
ii_voltage_ii,271290,True,2014-03-08,2
ii_voltage_ii,203290,True,2013-11-16,2
76561198097762318,440,True,2015-11-11,2
76561198097762318,233150,True,2014-12-26,1
Hirukaz,550,True,2013-01-17,1
StelerForYou,730,True,2015-07-17,2
StelerForYou,211820,True,2013-12-29,2
76561198183396245,440,True,2015-05-06,2
Xx-Woods,224260,True,2015-01-26,2
Xx-Woods,317360,True,2014-11-16,1
Xx-Woods,295550,True,2014-08-17,1
Xx-Woods,250180,True,2014-07-21,1
Xx-Woods,227940,True,2014-07-19,1
Xx-Woods,17520,True,2014-02-08,1
Xx-Woods,113420,True,2014-01-07,1
kevinator23,320760,True,2015-07-06,0
kevinator23,8850,True,2015-09-06,2
kevinator23,233720,True,2014-04-24,2
kevinator23,218620,True,2015-07-06,2
kevinator23,730,True,2015-01-27,2
kevinator23,219740,True,2015-01-25,2
kevinator23,220240,True,2014-05-24,2
kevinator23,440,True,2012-10-20,2
76561198090715178,4000,True,2014-03-28,2
76561198090715178,304930,True,2014-07-09,2
CatsWhale,333950,True,2015-02-23,2
CatsWhale,388520,True,2015-08-29,2
CatsWhale,107410,True,2014-11-23,2
CatsWhale,206210,True,2014-09-09,1
76561198073784601,221100,True,2015-03-26,2
mimimomoma,730,True,2015-11-23,1
76561198102410011,440,True,2015-09-14,1
de_Butl3r,209870,True,2014-10-13,2
Bluezap1,440,True,2015-12-27,1
Bluezap1,730,True,2015-05-13,1
Bluezap1,362890,True,2015-12-27,2
Bluezap1,413850,True,2015-12-21,1
76561198074200011,730,True,2015-11-15,2
L1J1N,570,True,2014-06-13,2
Lord_Exploit,311560,True,2015-03-13,2
Lord_Exploit,322170,True,2015-01-07,2
AVATAR715,48240,False,2014-01-02,1
AVATAR715,440,True,2015-11-18,2
AVATAR715,248570,True,2014-06-01,1
AVATAR715,264140,True,2014-03-18,2
AVATAR715,4000,True,2014-02-16,2
AVATAR715,266430,True,2015-02-25,2
AVATAR715,316010,True,2015-08-15,2
AVATAR715,249570,True,2014-12-25,2
76561198078752187,240,True,2014-12-16,1
A-Very-Sly-Person,304930,True,2015-08-14,1
A-Very-Sly-Person,440,True,2014-11-11,2
76561197994493402,264200,True,2015-03-01,2
76561197994493402,440,True,2014-11-27,2
76561198065656175,383080,True,2015-11-20,2
97396295,301520,True,2014-08-23,2
97396295,243870,True,2014-06-17,2
97396295,218230,False,2014-07-10,0
76561198126640317,251570,True,2015-06-15,2
76561198126640317,221100,True,2015-02-14,2
76561198126640317,316010,True,2015-09-12,2
76561198126640317,218230,True,2015-09-12,0
76561198126640317,333930,True,2015-07-01,2
76561198126640317,222880,True,2015-07-01,2
76561198126640317,730,True,2015-06-15,2
DemonicWolvz,55230,True,2015-01-15,2
DemonicWolvz,232090,True,2015-04-29,2
DemonicWolvz,4000,True,2015-03-29,1
DemonicWolvz,206420,True,2014-11-23,1
DemonicWolvz,224260,True,2014-02-12,2
DemonicWolvz,550,True,2013-12-26,2
DieMadchenschanderin,346110,True,2015-08-29,2
DieMadchenschanderin,380770,False,2015-10-05,1
DieMadchenschanderin,227680,False,2013-06-14,2
GGargula,233250,True,2015-11-23,1
getf0kinn0sc0pedm9,730,True,2015-05-31,0
76561198141443390,730,True,2015-05-03,2
whodafuqisthisguilao,730,True,2015-08-06,2
Magjiikal,370480,True,2015-10-05,2
Magjiikal,313740,True,2015-12-17,2
ohnospaghet,1840,True,2014-12-17,1
ohnospaghet,440,True,2014-09-30,0
ohnospaghet,266210,True,2015-03-10,2
ohnospaghet,264200,True,2015-03-10,2
2768820078,287700,True,2015-09-01,1
2768820078,377160,True,2015-11-18,1
2768820078,221380,True,2015-08-08,1
2768820078,333950,True,2015-07-15,1
2768820078,222420,False,2015-06-12,1
2768820078,271590,True,2015-05-19,1
2768820078,298110,True,2015-05-11,1
2768820078,222440,True,2015-05-02,1
2d4nk4m3,317470,False,2014-08-20,2
2d4nk4m3,47410,True,2014-03-18,1
76561198095921854,245620,True,2015-05-01,1
EizanAratoFujimaki,70,True,2015-10-28,1
TeCool,274980,True,2014-12-15,2
TeCool,202090,True,2014-12-06,2
TeCool,339280,True,2015-04-11,2
TeCool,314130,False,2015-01-31,0
2xDelorean,570,True,2015-09-13,2
2xDelorean,212680,True,2013-07-26,2
2xDelorean,200210,True,2013-05-18,2
2xDelorean,440,True,2011-10-30,2
washington_,417860,True,2015-12-13,0
jewxxl,251970,True,2015-05-18,1
76561198088944293,304930,True,2014-12-13,1
76561198092540221,400,True,2015-07-31,2
76561198092540221,620,True,2015-06-29,2
76561198092540221,238460,True,2015-06-29,2
76561198092540221,6060,True,2015-02-12,2
76561198092540221,440,True,2014-03-29,2
76561198051258119,730,True,2015-02-04,2
nubquake123,265610,True,2014-04-21,2
Pyromanic,31280,True,2013-02-15,1
Pyromanic,4000,True,2013-02-15,2
Pyromanic,240,True,2013-02-15,2
CobRazor,252490,True,2015-08-01,1
relesprit,8930,True,2013-12-27,2
WitchHunter4542,304930,True,2014-07-16,2
WitchHunter4542,237310,True,2015-01-13,1
WitchHunter4542,224260,True,2014-01-11,1
pwrt,230410,True,2015-09-03,2
pwrt,440,True,2014-01-20,2
wantmahbody,440,True,2014-05-03,2
benedictcuminherbatch,570,True,2014-08-02,1
76561198031207016,8930,True,2014-03-17,2
76561198043458582,105600,True,2015-07-19,2
76561198043458582,221100,True,2015-05-26,2
76561198043458582,107410,True,2015-11-22,2
76561198043458582,231430,True,2014-10-18,2
smashiroshh,218620,True,2014-12-30,2
killbunny38,570,True,2015-01-22,2
killbunny38,333930,False,2015-08-20,1
76561198047630659,230410,False,2015-05-14,2
1337lolroflmao,271590,True,2015-04-13,2
1337lolroflmao,218620,True,2014-10-01,0
1337lolroflmao,219740,True,2013-12-28,0
1337lolroflmao,7940,True,2013-12-28,2
1337lolroflmao,234190,True,2014-11-30,2
1337lolroflmao,10180,True,2013-12-28,2
1337lolroflmao,33900,True,2013-12-28,2
1337lolroflmao,261030,True,2015-01-05,2
1337lolroflmao,243470,True,2014-12-23,0
sithjjf,302830,False,2015-09-01,0
76561198060039459,570,False,2014-10-04,0
OzfurAtlas,212680,True,2013-12-08,0
76561198065593074,304930,False,2015-11-06,0
76561198065593074,304050,True,2015-09-23,2
76561198065593074,203750,True,2014-05-31,2
76561198044169764,227940,False,2015-06-24,2
76561198044169764,355180,False,2015-07-22,0
76561198044169764,4000,True,2015-06-03,1
euzi,236390,True,2014-07-26,2
76561197961778802,730,True,2014-04-23,2
thisissohardtomakeoneup,440,True,2014-04-12,1
76561198087010391,4000,True,2015-04-04,2
66666669999999,302830,False,2015-01-05,1
76561198061174192,220200,True,2014-09-14,2
76561198061174192,242760,True,2014-09-14,0
ReMiXOfficalSteam,352460,True,2015-10-12,2
Wilfire77,322920,True,2015-03-22,2
76561198084390807,234792,True,2015-12-01,1
76561198084390807,252490,True,2014-05-10,2
Mastic,304050,False,2015-08-01,0
Mastic,550,True,2014-12-30,2
Mastic,206420,True,2014-12-27,2
76561198028286104,10180,True,2013-12-26,2
tarjla,304930,True,2014-07-13,2
tarjla,265750,True,2015-01-28,2
tarjla,252490,True,2014-05-08,2
tarjla,4000,True,2013-11-21,2
tarjla,211820,True,2013-12-07,2
tarjla,105600,True,2013-02-09,2
tarjla,730,True,2014-01-09,2
deathnz1,276340,True,2014-12-26,2
76561198104393251,304930,True,2015-03-13,2
redsncrimson,274920,True,2014-12-23,1
redsncrimson,211820,True,2013-12-26,2
redsncrimson,49520,True,2013-05-18,2
redsncrimson,223510,True,2013-01-09,2
redsncrimson,440,True,2012-11-30,2
H1DD3NT3RR0R,240,True,2014-03-10,2
H1DD3NT3RR0R,105600,True,2014-02-27,2
H1DD3NT3RR0R,204300,True,2013-11-25,2
H1DD3NT3RR0R,730,True,2014-06-11,0
H1DD3NT3RR0R,440,False,2015-09-04,0
H1DD3NT3RR0R,570,True,2014-06-18,0
76561198071214618,268750,True,2015-05-11,2
76561198115115631,570,True,2015-05-22,2
76561198071175142,570,True,2015-08-10,1
76561198071175142,271590,True,2015-07-07,2
t8s,360870,True,2015-05-13,2
t8s,730,True,2015-05-02,2
pikawuu2,12900,True,2013-09-15,2
Sammeh00,301520,True,2014-11-04,2
Michaelele,6060,True,2014-08-07,2
Michaelele,730,True,2014-06-30,2
Michaelele,107410,True,2014-08-21,2
Michaelele,304930,True,2014-07-16,2
76561198045754869,335670,True,2015-08-07,1
76561198076098774,215080,True,2015-08-02,2
76561198103253374,570,True,2014-02-24,1
76561198048417105,271590,True,2015-12-28,2
76561198048417105,730,True,2015-02-27,2
76561198090842891,8190,True,2015-01-16,2
76561198055767971,247730,False,2015-06-10,0
76561197998052647,233630,True,2014-11-27,1
76561198145436942,221100,True,2014-08-02,2
jjas01,208812,False,2014-11-03,1
jjas01,218620,False,2015-10-17,2
jjas01,243120,True,2013-10-08,2
jjas01,234140,True,2015-12-28,1
jjas01,204450,True,2014-05-08,2
jjas01,225260,True,2014-02-18,2
jjas01,50300,True,2013-10-27,2
jjas01,201810,True,2014-06-04,2
3xotic26,500,True,2014-02-26,2
3xotic26,440,True,2014-02-26,2
3xotic26,49520,True,2014-02-26,2
3xotic26,550,True,2013-07-15,2
iamthetrashlord,206420,True,2015-06-16,2
iamthetrashlord,213670,True,2014-07-20,2
3dster,550,True,2015-08-24,2
76561198079990063,231040,True,2014-03-14,2
Forty-Nine,221100,True,2014-08-28,0
76561198051017916,351040,True,2015-05-30,1
76561198051017916,250600,True,2014-05-26,1
L4M1NAS,221100,True,2015-03-05,2
76561197995322437,264710,True,2015-07-23,2
imsojipper,218620,True,2014-07-07,2
76561198084542731,206420,True,2015-01-16,1
76561198084542731,47790,True,2014-02-16,2
76561198103671881,570,True,2015-04-11,2
mrpfresh,346110,True,2015-10-16,1
GamerFag,440,True,2012-07-15,2
GamerFag,70,True,2011-01-27,0
GamerFag,420,True,2011-01-27,1
GamerFag,380,True,2011-01-27,2
GamerFag,220,True,2011-01-27,1
GamerFag,1250,True,2010-12-16,2
EHS-R3AP3R,339230,False,2015-09-09,1
EHS-R3AP3R,349700,True,2015-10-15,2
EHS-R3AP3R,226700,True,2013-11-26,2
EHS-R3AP3R,209160,True,2013-12-12,2
chidori_647,219990,True,2013-12-15,2
chidori_647,213670,True,2014-03-05,2
chidori_647,21100,False,2013-11-30,0
chidori_647,8190,True,2013-12-02,2
chidori_647,215470,False,2013-11-28,0
76561198092227136,730,True,2014-09-11,2
76561198092227136,1250,True,2014-05-26,1
hellcat59,4000,True,2014-07-18,2
76561198007584361,401650,True,2015-09-10,0
tbimperator,35450,True,2012-05-22,2
Allahu_Akbar666,230410,True,2015-01-17,2
Allahu_Akbar666,304930,False,2014-10-24,0
ulramite,290020,True,2014-10-27,2
ulramite,248860,True,2014-02-08,0
-GM-Dragon,226700,False,2014-03-08,0
-GM-Dragon,244850,True,2015-06-10,2
76561198054040292,298260,True,2015-03-13,2
76561198078799606,370240,False,2015-10-01,0
76561198078799606,730,True,2015-06-29,2
76561198078799606,233450,True,2014-05-02,1
I_DID_911_JUST_SAYING,221260,True,2013-05-06,2
diabeticfuck,218620,True,2015-08-31,2
diabeticfuck,419070,True,2015-12-28,1
diabeticfuck,333930,False,2015-11-23,0
diabeticfuck,287700,True,2015-09-04,1
76561198054465623,302830,False,2015-01-10,1
76561198054465623,24240,True,2014-01-04,2
76561198054465623,39800,True,2015-04-24,1
76561198054465623,250600,True,2014-02-21,0
76561198054465623,105600,True,2015-07-13,0
76561198054465623,113020,True,2014-04-03,2
aaropro,440,True,2014-08-29,2
abiam,238960,True,2014-11-16,1
FrankoWalker,310370,True,2015-01-04,2
FrankoWalker,260410,True,2014-12-06,1
FrankoWalker,236390,True,2014-05-16,0
LightfootSword7,221100,False,2015-11-26,2
SALTTHEW0UND,248820,True,2015-06-12,1
SALTTHEW0UND,730,True,2014-08-28,2
SALTTHEW0UND,550,True,2014-05-20,2
SALTTHEW0UND,204030,True,2014-03-25,2
SALTTHEW0UND,440,True,2013-12-02,2
SALTTHEW0UND,383080,True,2015-11-15,2
express157,304930,True,2014-09-02,2
76561198074644990,242760,True,2015-02-05,1
76561198074644990,207230,True,2015-02-06,2
76561198074644990,9180,False,2013-12-24,0
76561198064304806,730,True,2015-12-11,1
TomoeMamiewe,10150,True,2014-02-16,1
76561198057086148,214950,True,2015-01-17,2
Acidius99,218620,True,2014-06-21,2
Acidius99,220240,True,2014-12-30,2
Acidius99,271290,False,2015-07-09,0
acorn13,313740,True,2014-07-31,2
acorn13,34330,True,2012-07-12,0
acorn13,271590,True,2015-05-01,2
AddzyTheBaddzy,291550,True,2015-02-02,2
AddzyTheBaddzy,259080,True,2013-12-16,2
mrfunkyjunkie,233250,True,2014-01-05,2
mrfunkyjunkie,256350,True,2014-11-23,2
mrfunkyjunkie,249380,True,2015-03-11,2
76561198167207237,391540,True,2015-12-25,1
76561198167207237,265930,True,2015-11-29,1
76561198167207237,620,True,2015-11-06,2
cancerkek,730,True,2015-02-27,1
76561198073508075,10090,True,2014-04-13,2
76561198073508075,218680,True,2014-06-07,2
advenger95,22370,True,2015-06-05,2
advenger95,307690,True,2015-09-02,2
advenger95,72850,True,2015-06-05,0
EndAtHallow,1250,True,2015-01-15,0
76561198063624801,440,True,2014-01-12,1
aeryal,440,True,2014-05-03,2
76561198070263209,570,True,2013-12-13,1
76561198015968275,248610,True,2015-09-06,0
Agiegamma,208090,True,2014-02-12,2
76561198082614708,250340,True,2014-04-28,2
Agronoth,244850,True,2014-02-09,2
Agronoth,221640,True,2015-04-24,2
Agronoth,104900,True,2015-03-21,2
Agronoth,105600,True,2015-02-28,2
Agronoth,9450,False,2015-07-15,2
UnholyFallenAngel,262410,True,2014-10-07,2
UnholyFallenAngel,222940,True,2015-12-22,2
UnholyFallenAngel,221040,True,2014-05-06,2
76561198068565589,221100,True,2014-02-22,1
76561198068565589,286570,True,2015-07-18,2
76561198068565589,263440,False,2014-10-24,1
SlutOnTheSpit,4000,True,2014-01-02,2
WestyGaming,223710,True,2014-06-07,1
NaruseAiria,317360,True,2014-10-28,1
NaruseAiria,108600,True,2014-10-15,2
NaruseAiria,259080,True,2013-12-20,2
NaruseAiria,208520,True,2013-12-06,2
76561198067713802,239660,True,2015-09-27,2
76561198067713802,304930,True,2015-03-28,2
Alex680,4000,True,2014-04-25,2
alansiulun,295270,True,2014-11-01,2
alansiulun,265930,True,2015-05-21,2
Albolah,283920,True,2015-12-29,0
Albolah,440,True,2015-10-18,2
Albolah,294650,True,2015-12-30,2
76561198003056556,233720,True,2014-08-15,1
maxpaynepillkiller,12120,True,2015-12-30,1
maxpaynepillkiller,55230,True,2015-10-07,2
AlexNoClutch,227860,False,2015-06-05,1
Alexwai04,218620,True,2015-01-09,2
76561198095481910,208090,True,2014-02-01,0
AlkalineDeath,228280,True,2015-03-02,2
AlkalineDeath,240760,True,2014-10-16,2
76561198075935236,226700,True,2015-01-26,1
76561198075935236,250900,True,2015-08-27,2
mintifreshbadger,35450,True,2015-11-09,0
AlpacaRevolution,212680,True,2014-10-02,2
AlpacaRevolution,346110,False,2015-09-13,1
76561198071952798,205100,True,2013-11-29,2
76561198009001563,570,True,2014-09-03,1
76561198016753953,271290,True,2014-03-21,2
76561198016753953,570,True,2014-01-27,1
smegmyfoodle,346010,True,2015-02-03,2
smegmyfoodle,239250,True,2015-01-22,1
76561198057869849,313120,True,2015-06-01,2
76561198058836921,211820,True,2015-01-17,2
lol_ursuchanoob,218620,True,2014-08-08,0
lol_ursuchanoob,12210,True,2014-04-17,2
lol_ursuchanoob,220240,True,2014-03-12,0
lol_ursuchanoob,17300,True,2014-01-23,2
AMV72,206440,True,2013-01-21,2
AMV72,209100,False,2012-09-27,0
AMV72,209000,True,2013-11-25,2
AMV72,218060,True,2013-11-25,2
AMV72,24240,True,2012-07-19,1
76561198069170979,440,True,2015-06-26,2
76561198132540690,730,True,2015-05-26,2
76561198132540690,220200,True,2015-03-05,2
711armageddoncarmageddon,113020,True,2015-07-04,1
711armageddoncarmageddon,105600,True,2015-07-03,1
711armageddoncarmageddon,9480,True,2015-07-03,2
Andraison,22230,True,2015-07-31,1
76561198055790408,203770,True,2013-12-06,2
76561198069560699,550,True,2013-12-30,2
76561198069560699,259080,True,2013-12-16,2
76561198069560699,72850,True,2013-11-28,1
76561198069560699,8870,True,2014-03-26,2
76561198099625419,230410,True,2014-05-08,1
76561198099625419,200260,True,2014-05-08,1
76561198099625419,19900,True,2013-12-22,2
76561198099625419,241540,True,2013-12-20,1
76561198099625419,220,True,2013-11-28,1
76561198084032274,227940,False,2014-10-29,0
76561198084032274,236390,False,2014-09-29,2
Angrovar,17390,True,2014-08-16,2
Angrovar,359320,True,2015-11-11,1
AngryAinsley,317360,True,2015-08-01,2
AngryAinsley,253030,True,2015-08-01,2
AngryAinsley,295110,True,2015-07-24,2
AngryAinsley,264710,True,2015-04-07,2
uradumbtit,274310,True,2014-05-29,0
uradumbtit,4000,True,2014-08-04,2
IKillNoobsFirst,730,True,2015-03-27,2
76561198037888300,344770,True,2015-09-12,2
1234865654,22380,True,2014-06-29,1
76561198084123358,9900,True,2015-02-07,2
Apachehavoc,107410,False,2014-10-31,1
ApexNZ,221640,True,2014-02-03,2
ApexNZ,202170,True,2014-05-09,1
ApexNZ,49520,True,2014-02-09,0
ApexNZ,245490,True,2014-08-19,2
ApexNZ,313120,True,2015-02-28,2
76561198039441595,113020,False,2014-06-09,1
76561198039441595,319510,False,2015-01-23,0
76561198039441595,20,False,2014-06-20,1
76561198039441595,209080,False,2014-05-31,0
76561198039441595,223470,False,2014-05-07,2
76561198039441595,417860,True,2015-11-20,1
76561198039441595,269250,True,2015-05-06,2
76561198039441595,313740,False,2014-11-18,1
76561198039441595,8190,True,2014-05-31,1
76561198036687918,377160,True,2015-12-20,1
benjamin27,730,True,2015-11-20,1
benjamin27,244850,True,2014-07-19,2
AppoGetsSuperAdmin,212500,True,2015-06-26,1
AppoGetsSuperAdmin,570,False,2015-08-29,1
AppoGetsSuperAdmin,104900,True,2015-08-08,1
76561198049916759,219990,True,2015-07-02,2
76561198049916759,293260,True,2015-09-11,2
XABLAUziitu,214420,False,2015-12-22,2
XABLAUziitu,105600,True,2015-10-17,1
XABLAUziitu,440,True,2013-02-15,1
XABLAUziitu,200210,True,2013-01-24,1
76561198012909706,218130,True,2013-12-07,2
dragonchief,252490,False,2014-01-10,0
76561198040530605,218230,True,2014-06-27,2
76561198040530605,104900,True,2014-06-09,2
76561198040530605,440,True,2014-01-01,2
76561198040530605,240,True,2011-12-30,2
76561197974500703,8980,True,2012-07-15,2
76561197974500703,31270,True,2012-06-17,2
76561197974500703,113200,True,2012-06-17,2
76561197974500703,8190,True,2012-01-28,2
76561197974500703,43000,True,2012-01-28,2
76561197974500703,18700,False,2011-12-27,0
76561197974500703,98800,True,2011-12-20,0
76561197974500703,107100,True,2011-12-20,2
76561197974500703,630,True,2010-12-28,2
76561197974500703,57300,True,2010-12-28,0
76561198047185525,213670,True,2014-03-20,1
76561198047185525,218620,True,2014-06-27,0
76561198047185525,226620,True,2013-12-16,1
bilyitu,570,True,2014-10-06,1
bilyitu,730,True,2014-09-08,1
76561198021244661,105600,True,2014-04-15,2
76561198088538797,209870,True,2015-09-01,2
deployablearchnagel,265630,True,2014-05-30,1
rotflmaoman,401920,True,2015-11-06,2
armouredmarshmallow,440,True,2015-11-08,0
armouredmarshmallow,346900,True,2015-05-24,1
armouredmarshmallow,630,True,2015-05-24,2
76561198020928326,70,True,2014-07-01,1
Array71,8500,False,2014-09-27,1
Array71,244850,True,2014-06-24,2
76561198039874575,221100,True,2014-02-01,1
arronlim13,99900,True,2015-05-28,2
ARTHERDUNGER10,250900,True,2015-04-13,0
Mackus1011,211820,True,2013-12-06,2
Mackus1011,380600,True,2015-08-31,2
Mackus1011,22380,True,2015-06-18,2
Mackus1011,252490,True,2014-10-18,1
76561198041877981,2450,False,2014-01-09,1
76561198041877981,241540,True,2014-02-28,2
darkmassieh,107410,True,2015-05-09,2
darkmassieh,230190,True,2015-04-21,1
darkmassieh,391270,True,2015-08-06,2
darkmassieh,301520,True,2015-07-30,1
darkmassieh,227680,False,2015-01-08,2
asianturtlefrenzy,246420,True,2015-12-27,2
asianturtlefrenzy,289130,True,2015-12-27,2
asianturtlefrenzy,234630,True,2015-12-27,2
asianturtlefrenzy,249050,True,2015-12-27,2
asianturtlefrenzy,418340,True,2015-12-26,2
asianturtlefrenzy,223850,True,2015-12-22,2
asianturtlefrenzy,263020,True,2015-07-07,1
asianturtlefrenzy,287980,True,2015-06-30,2
asianturtlefrenzy,245550,True,2014-05-16,2
blowjobsfurdayzandgayz,570,True,2015-01-12,1
blowjobsfurdayzandgayz,417860,True,2015-11-22,1
blowjobsfurdayzandgayz,96100,False,2015-03-30,0
76561198082992295,4000,True,2014-06-02,1
76561198082992295,570,True,2014-05-28,2
76561198082992295,440,True,2014-05-28,2
LaLocaDeLosDulces,80,True,2015-06-27,1
76561198064352761,56400,True,2014-03-14,2
assassin_warman,72850,True,2015-06-25,0
assassin_warman,105600,True,2015-07-04,1
assassin_warman,219150,True,2015-08-15,2
assassin_warman,218620,True,2015-08-25,2
assassin_warman,440,True,2015-03-14,2
Astrelt,385770,True,2015-07-26,2
Astrelt,252630,True,2014-10-10,2
Astrelt,212200,True,2014-12-13,2
Astrelt,218680,True,2014-12-30,2
Astrelt,230410,True,2015-08-17,2
Astrelt,4000,True,2015-04-03,2
Astrelt,346900,True,2015-04-04,2
Astrelt,440,True,2012-08-23,2
Astrelt,387860,True,2015-12-05,1
Astrelt,221640,True,2015-12-05,0
Swish0009,218620,True,2014-06-28,0
Swish0009,203160,True,2014-06-22,2
Swish0009,230410,True,2014-06-28,2
Swish0009,219640,True,2014-06-28,2
Swish0009,213850,True,2014-06-09,1
Aurora99,72850,True,2014-09-15,1
Aurora99,730,True,2014-11-05,1
Aurora99,105600,True,2015-01-01,2
Aurora99,550,True,2014-09-15,1
Aurora99,369580,True,2015-07-22,2
Aurora99,282440,False,2015-02-15,1
Aurora99,1250,True,2014-05-26,1
Aurora99,440,True,2014-05-21,1
Aurora99,8400,True,2014-05-02,1
76561198053071988,271590,False,2015-10-17,1
76561198083375450,225640,True,2015-01-22,2
76561198083375450,113420,True,2014-02-10,2
76561198083375450,226700,False,2014-10-28,0
76561198083375450,377160,True,2015-11-15,2
76561198083375450,421770,False,2015-12-26,0
76561198083375450,239220,True,2015-07-18,1
76561198083375450,224600,True,2014-03-23,2
76561198078730600,440,True,2014-07-04,2
auzmoz,243870,True,2014-06-02,2
auzmoz,320,True,2013-01-18,2
auzmoz,8500,True,2013-01-18,2
auzzie_96,289130,True,2014-12-30,2
fatrangacuntnolifevirgin,202970,True,2014-07-29,2
76561198064150679,20920,True,2014-05-26,1
76561198110293299,265930,True,2014-11-08,2
76561198110293299,346110,True,2015-06-08,2
76561198110293299,304930,True,2015-06-07,1
76561198110293299,236390,True,2015-02-14,2
de_triggered,268650,True,2015-11-08,1
de_triggered,224540,True,2015-07-06,1
de_triggered,219640,True,2015-07-06,1
de_triggered,233450,True,2015-07-06,2
de_triggered,440,True,2015-07-06,2
de_triggered,4000,True,2015-07-06,2
de_triggered,236390,True,2015-05-25,1
Azrafael,215530,True,2013-11-25,1
76561198076301023,251570,True,2014-12-26,0
hoarbiscuit,55230,True,2014-03-22,2
bohgeraltofrivia,259700,True,2013-12-04,2
bohgeraltofrivia,261640,True,2014-11-11,2
TeH-B-Rad,730,True,2014-09-22,1
TeH-B-Rad,440,True,2015-04-09,2
BAW_Killer,221100,True,2014-05-25,2
BAW_Killer,287700,False,2015-12-13,0
BAW_Killer,359550,False,2015-12-13,0
gamerdude7892,22380,True,2015-12-04,2
2ez4medick,570,True,2014-06-28,2
BBBirb,4000,True,2014-01-07,1
AgentXiri,570,True,2014-07-07,1
76561197998761331,310380,True,2014-12-06,2
76561198096750939,4000,True,2015-10-20,2
crispymemesmantheyremyfavourite,230410,True,2015-12-19,2
crispymemesmantheyremyfavourite,383980,True,2015-12-22,1
crispymemesmantheyremyfavourite,304050,True,2015-07-10,2
crispymemesmantheyremyfavourite,212680,True,2014-04-03,2
76561198074409406,391460,False,2015-09-18,2
H-Alo,346010,True,2015-02-06,1
420Blz,107410,True,2013-12-25,2
76561198076548816,200210,True,2015-11-01,0
76561198076548816,226700,True,2014-12-19,2
76561198076548816,113020,True,2014-11-01,2
76561198076548816,219740,True,2014-08-16,2
chillrend,221100,True,2014-01-27,2
chillrend,393010,True,2015-12-02,2
chillrend,208090,True,2014-02-13,2
chillrend,440,True,2013-12-10,2
Gborges,440,True,2014-07-03,1
lukeyturley,218230,True,2014-07-04,2
76561198095142204,570,True,2015-02-21,0
BOB_200,8400,True,2014-03-07,1
76561198070735033,359290,False,2015-10-26,0
76561198018560501,10500,True,2013-11-27,2
76561198069458790,265630,True,2014-05-15,1
76561198069458790,440,True,2014-04-02,0
76561198051148175,218620,True,2014-01-02,0
76561198047208452,220240,True,2013-12-26,2
76561198047208452,113200,True,2014-08-15,2
generalale,239160,True,2014-04-12,1
generalale,220240,True,2014-11-30,1
generalale,440,True,2013-11-21,2
brendoboy,630,True,2013-12-30,2
brendoboy,218620,False,2014-09-05,1
brendoboy,208090,False,2014-03-06,2
brendoboy,230410,True,2014-04-13,1
brendoboy,322330,True,2014-12-16,1
brendoboy,1250,True,2014-07-03,2
76561198071234254,200210,True,2014-10-04,1
76561198071234254,238460,True,2014-07-05,2
76561198071234254,730,True,2013-08-17,2
76561198071234254,105600,True,2013-08-14,2
76561198071234254,440,True,2013-06-08,2
76561197988934555,295110,True,2015-12-15,2
76561197988934555,301520,True,2015-03-28,2
Infixation,346560,True,2015-02-23,2
Infixation,328220,True,2015-05-06,2
Infixation,256410,True,2013-12-01,2
Infixation,730,True,2015-10-08,0
Infixation,252490,True,2014-02-04,2
Infixation,203160,True,2013-12-01,2
Infixation,39120,True,2013-12-01,2
76561198047304525,239070,True,2014-08-12,0
76561197994969639,91310,True,2011-09-28,2
JuanManSnipez,730,True,2014-08-16,2
Ben_Andy,265770,False,2014-02-09,2
Ben_Andy,105600,True,2013-12-20,2
Bennysaputra,10,True,2015-08-01,1
76561198067021476,730,True,2014-10-29,2
76561198045071942,310380,True,2015-01-26,1
Bhappiikhat,304930,True,2014-07-28,2
Ahahahahahahahahahahahahahahaha,570,False,2014-09-13,0
BITCHPLESE,295110,True,2015-01-15,0
BITCHPLESE,319630,True,2015-02-07,1
Too_1337,220,True,2012-07-22,2
Too_1337,4000,True,2015-06-15,2
kinglemon1222,48700,True,2012-10-13,0
76561198030636321,255710,True,2015-04-02,1
IJustWantedToTalk,4000,True,2015-05-06,2
IJustWantedToTalk,304930,True,2015-10-05,2
IJustWantedToTalk,247730,False,2015-07-31,2
76561198034643189,263280,True,2014-07-05,2
LlamasInNigjamas,730,True,2014-09-26,2
mavros88,369200,False,2015-12-14,1
mavros88,288470,True,2015-05-28,1
mavros88,209870,True,2015-09-29,2
mavros88,216250,True,2015-05-30,0
mavros88,50300,True,2015-03-20,2
Hummingsenpai,333930,True,2015-07-29,0
CHAAANG,10680,True,2015-11-03,2
CHAAANG,238320,True,2015-09-23,2
76561198077586769,440,True,2015-03-10,2
bitmat,300570,True,2015-06-21,2
bitmat,201420,True,2013-07-11,2
bitmat,220240,True,2012-12-09,1
bitmat,211420,True,2012-09-14,1
76561198028483487,238260,True,2013-12-30,1
Ghoster09,206210,True,2015-05-06,1
Ghoster09,570,True,2014-07-17,2
Ghoster09,440,True,2014-05-17,2
76561198081496844,6060,True,2014-05-16,1
180577,440,True,2015-06-11,1
Barridos,4000,True,2014-04-09,1
76561197988863895,248820,True,2015-12-28,2
76561198042728201,221100,True,2014-05-16,2
76561198042728201,202970,True,2014-10-01,1
hbk1462,4000,True,2014-06-25,2
76561198088724903,570,True,2013-11-25,2
76561198057521157,344760,True,2015-04-04,2
76561198057521157,251570,True,2014-05-20,2
76561198057521157,290080,False,2014-10-14,1
76561198057521157,313120,True,2015-01-31,2
76561198057389499,222880,True,2014-11-14,2
76561198057389499,252950,True,2015-12-25,2
76561198057389499,4000,True,2015-11-20,2
76561198057389499,440,True,2014-09-13,2
FHK,237930,True,2015-12-27,1
76561198030735076,570,True,2013-10-20,1
76561198030735076,339610,False,2015-04-09,2
Bluegills,293780,True,2014-08-07,2
Bluegills,20530,True,2014-08-06,2
Bluegills,208090,True,2014-02-07,2
Bluegills,57300,True,2014-01-06,1
Bluegills,39150,True,2013-12-22,2
Bluegills,70,True,2013-12-06,2
Bluegills,13210,True,2012-12-04,2
Bluegills,22120,True,2012-07-17,2
76561197970931849,204100,True,2014-03-12,0
76561197970931849,319740,False,2015-07-04,2
rrbr,244050,False,2015-10-01,0
rrbr,270370,True,2015-01-21,2
13lazer,33930,True,2012-07-15,1
76561198044344399,352460,True,2015-08-03,2
76561197999613236,251570,True,2013-12-16,2
76561197999613236,271590,True,2015-10-25,2
76561197999613236,24860,True,2015-11-28,2
76561197999613236,333950,True,2015-05-08,2
RespekPlox,72850,True,2015-04-26,2
76561198062288797,333930,True,2015-10-06,2
76561198062288797,346010,True,2015-07-09,2
bobseagull,730,True,2014-08-26,2
bobseagull,49520,True,2014-05-07,0
bobseagull,242720,False,2014-05-02,2
bobseagull,238460,True,2015-01-16,2
bobseagull,251630,True,2014-05-23,2
bobseagull,220240,True,2014-05-07,0
bobseagull,4000,True,2014-05-07,1
bokkkbokkk,346110,True,2015-09-24,1
bokkkbokkk,346110,True,2015-09-24,1
Bonesdontrattlethem,4000,True,2014-06-20,0
76561198062403736,218620,True,2015-08-22,1
76561198073642113,550,True,2012-10-21,1
76561198073642113,218620,True,2014-01-06,2
76561198073642113,55140,True,2013-12-17,2
76561198211433640,730,True,2015-11-13,1
ilyjoepoe,318430,True,2015-03-10,2
Mantrouminati,570,True,2014-01-30,1
hididdlyhoe,440,True,2014-10-18,0
76561198027225504,230410,True,2014-07-18,2
76561198027225504,218620,True,2014-08-12,2
76561198027225504,323470,True,2015-03-26,1
76561198027225504,271290,True,2014-04-26,2
76561198027225504,630,True,2014-03-20,2
76561198027225504,10680,True,2012-02-27,2
dicksoutforboromir,334230,True,2015-10-17,0
dicksoutforboromir,48700,True,2014-11-29,0
dicksoutforboromir,224260,True,2014-11-28,0
probotsteve,730,False,2015-12-13,1
76561197977543317,243470,False,2014-09-20,1
BrutalLegend69,225260,True,2013-02-28,2
76561198007539695,45730,False,2014-10-28,1
76561198007539695,99400,False,2014-03-29,1
76561198064026657,96100,True,2014-11-28,2
76561198064026657,1250,True,2013-07-07,2
76561198024450886,213650,True,2013-10-24,0
saint556,340050,True,2015-05-06,0
saint556,234190,True,2014-09-23,1
saint556,261880,True,2014-05-03,2
saint556,230840,True,2014-05-01,2
saint556,263760,True,2014-04-10,2
saint556,233190,True,2014-01-05,2
brettebear,220780,True,2014-06-20,2
metiqu,730,True,2015-10-16,1
Brianseb,440,True,2014-03-20,1
spike_heart,237740,True,2014-01-14,2
brocky0405,48700,True,2015-09-30,2
brocky0405,383080,True,2015-08-10,2
brocky0405,363970,True,2015-06-14,1
brocky0405,730,True,2014-09-08,2
brocky0405,440,True,2013-11-28,2
brocky0405,212180,True,2013-09-25,2
76561198046094676,72850,True,2012-10-01,2
76561198046094676,4560,True,2013-09-23,2
76561198046094676,203770,True,2013-08-31,1
76561198046094676,17700,True,2013-08-20,2
76561198046094676,25890,True,2013-03-25,1
Vladimirputinisgreatman,8930,True,2015-10-08,2
Br0wni3,730,True,2015-12-18,1
76561198093381429,200210,True,2015-01-08,2
76561198110065267,10090,True,2015-03-05,2
76561198059167106,41300,True,2014-12-12,2
76561198105270589,268750,True,2014-10-18,2
76561198105270589,304930,True,2014-07-10,2
76561198105270589,4000,True,2015-07-17,2
76561198105270589,440,True,2015-04-18,2
Trutle,291550,True,2014-11-28,0
Trutle,224760,True,2014-06-21,1
Trutle,219640,True,2014-04-21,2
BugsyBro,322910,True,2015-05-05,0
BugsyBro,6060,True,2015-12-23,2
BugsyBro,291480,False,2014-07-03,0
BugsyBro,4000,True,2014-06-29,1
76561198074561346,274940,True,2014-12-19,2
76561198074561346,8980,True,2013-12-24,2
76561198074561346,730,True,2014-02-28,2
76561198074561346,266840,True,2015-05-16,2
76561198074561346,344760,True,2015-06-19,2
76561198074561346,72850,True,2013-10-14,1
76561198074561346,440,True,2013-06-09,2
76561198094074209,246620,True,2015-12-01,0
76561198094074209,226700,True,2013-11-04,2
76561198094074209,393420,True,2015-12-18,1
76561198087011672,208090,True,2014-02-16,2
busternut,237870,True,2015-12-27,2
busternut,224540,True,2013-12-24,2
busternut,248570,True,2014-09-28,2
busternut,12120,True,2014-06-22,2
76561198075981950,221100,True,2015-08-26,1
76561198075981950,570,True,2015-06-12,1
Butteryyy,1840,True,2013-12-11,2
76561198079326390,105600,True,2014-12-16,1
76561198079326390,301520,False,2015-05-11,2
76561198142749308,292030,True,2015-05-20,1
76561198142749308,298110,True,2014-11-28,0
897w463824638109276,252490,True,2014-03-21,2
897w463824638109276,440,True,2014-01-28,2
Butterz,72200,True,2014-12-20,2
8789568,252490,True,2015-03-23,2
76561198112547239,230410,True,2015-10-29,1
ByzGirl,305620,True,2015-09-20,0
ByzGirl,239030,True,2015-04-28,2
C14M8S,200210,True,2014-09-03,1
C14M8S,620,True,2014-08-19,2
C14M8S,211820,True,2014-08-16,2
C14M8S,570,False,2014-05-09,2
C14M8S,42910,False,2014-05-09,1
C14M8S,219640,False,2015-05-30,0
C14M8S,550,False,2014-07-06,0
C14M8S,99900,False,2014-05-09,2
C14M8S,240,True,2014-05-09,1
C14M8S,218620,True,2014-09-26,1
1122305938,211820,True,2014-01-12,1
1122305938,8870,True,2014-01-10,2
1122305938,24860,True,2013-12-10,2
1122305938,250420,False,2014-01-12,1
76561198069050565,238960,True,2014-01-29,2
76561198069050565,246280,False,2014-11-14,1
Cabey64,220200,True,2014-06-24,2
Cabey64,440,True,2015-08-07,2
Cabey64,2700,True,2015-01-19,2
Cabjoy,94400,True,2014-06-26,2
Stormaggen,42910,True,2015-04-01,0
gusvu,238010,True,2015-08-14,2
gusvu,241930,True,2014-10-13,2
Punixa,374301,True,2015-07-04,0
Punixa,366660,True,2015-05-23,1
Punixa,207140,True,2015-05-23,1
Punixa,259080,True,2013-12-16,1
76561198044402508,302590,True,2015-01-17,2
76561198081987102,242880,True,2013-12-24,2
76561198081987102,107100,True,2013-12-24,1
76561197996741396,22380,True,2013-12-01,2
calii,440,True,2015-04-15,2
76561198084718144,209080,True,2015-11-25,2
76561198077034833,56400,True,2014-01-07,2
calypto52,49600,True,2013-11-29,2
camduman,109600,True,2014-07-24,2
camduman,440,True,2014-06-20,1
camquarter,233720,True,2014-06-22,2
aquelecaraqfazaquilo,205350,False,2015-05-04,1
aquelecaraqfazaquilo,330840,True,2015-06-19,1
aquelecaraqfazaquilo,218230,False,2015-01-28,1
aquelecaraqfazaquilo,19000,True,2015-01-21,1
aquelecaraqfazaquilo,242050,True,2014-12-23,2
aquelecaraqfazaquilo,218620,False,2014-10-29,1
aquelecaraqfazaquilo,323500,True,2014-09-30,1
aquelecaraqfazaquilo,12210,True,2014-08-10,1
aquelecaraqfazaquilo,50650,True,2014-07-23,1
aquelecaraqfazaquilo,206420,True,2014-01-20,1
76561198079009374,4000,True,2014-06-27,2
76561197992910116,267750,True,2014-07-11,1
76561197992910116,259720,True,2014-02-06,1
76561197992910116,293920,True,2014-06-09,2
76561197992910116,248310,True,2014-07-24,2
76561197992910116,49520,True,2014-02-08,2
76561197992910116,238430,True,2013-12-10,2
jonjon4351,220240,True,2013-12-07,2
76561198008551473,22380,True,2014-06-23,1
76561198008551473,201810,True,2015-01-10,2
ThePyrite99,72850,True,2014-12-21,2
76561198062276935,221100,False,2015-07-05,0
76561198062276935,730,True,2013-02-24,2
76561198062276935,10680,True,2013-02-24,2
76561198048121243,252490,True,2013-12-28,2
76561198048121243,49520,True,2014-02-05,1
76561198048121243,219640,True,2013-12-20,2
CAPTAINVRITRAS,570,True,2015-07-09,2
ConkerBirdy,391540,True,2015-11-24,2
ConkerBirdy,239140,True,2015-02-21,2
ConkerBirdy,346010,True,2015-02-18,1
76561198078194423,105600,True,2015-08-05,2
76561198067657905,4000,True,2014-06-20,2
76561198070072786,417860,True,2015-12-04,1
76561198070072786,265930,True,2014-04-03,1
76561198070072786,400,True,2014-02-22,2
76561197966764681,730,True,2014-09-12,1
76561198007988939,305620,True,2015-11-02,2
ca_ra_cal,348960,True,2015-08-19,2
76561198067721589,220200,True,2014-06-23,2
76561198067721589,304930,True,2014-08-11,2
76561197996092338,440,True,2012-10-16,1
carouserwhite,4000,True,2014-02-19,2
carouserwhite,17520,True,2015-07-19,2
carouserwhite,109400,True,2014-02-22,2
76561198045631910,252490,True,2014-06-14,1
76561198078670623,4920,True,2014-01-23,1
Lord_Casso,287920,True,2015-11-09,2
Lord_Casso,323370,True,2015-07-11,2
76561198070087725,48700,True,2014-02-18,2
fsfs546hd,70000,True,2013-11-14,1
76561198045283919,244410,True,2015-03-07,1
76561198081438874,31280,False,2014-06-02,1
76561198072411281,17480,True,2015-01-18,2
76561198072411281,332800,True,2015-01-18,1
76561198072411281,319510,True,2015-01-18,2
76561198072411281,105600,True,2014-01-31,2
76561198032143135,105450,True,2014-08-01,1
CrazyGiraffe71,107410,True,2015-01-22,2
chalkmetal,225260,True,2014-02-14,2
kggj,239350,True,2015-01-20,2
kggj,219150,True,2015-01-20,1
asdasdfsadgdfhfgjggj,222880,True,2015-03-21,1
asdasdfsadgdfhfgjggj,4000,True,2014-05-05,2
elheat,440,True,2010-12-19,1
ElementalGodChaos,230410,True,2015-10-19,2
ElementalGodChaos,39000,True,2014-04-25,2
ElementalGodChaos,570,True,2014-04-25,2
ElementalGodChaos,263500,True,2014-04-25,2
ElementalGodChaos,440,False,2015-10-19,2
ElementalGodChaos,20500,True,2015-07-23,2
76561197971917242,249650,True,2015-12-19,2
melonmaniac,730,True,2015-11-27,1
melonmaniac,440,True,2014-03-08,2
76561198048491595,105600,True,2013-12-25,2
76561198074108172,730,True,2015-01-16,2
charmaps5,200510,True,2014-09-20,2
mexz1999,221180,True,2014-10-18,2
mexz1999,313740,True,2014-12-25,2
IchMasKung,301520,True,2015-12-18,0
IchMasKung,227940,False,2015-10-08,1
IchMasKung,35450,True,2015-09-25,2
IchMasKung,302830,True,2014-12-26,1
HoxtonPleaseDontSueMe,219740,True,2015-10-24,0
HoxtonPleaseDontSueMe,242760,True,2014-08-16,0
HoxtonPleaseDontSueMe,40800,True,2014-11-26,1
HoxtonPleaseDontSueMe,113200,True,2014-09-18,2
HoxtonPleaseDontSueMe,440,True,2014-01-29,1
76561198051215704,252490,True,2014-06-07,1
76561198051215704,8870,True,2014-03-26,1
76561198051215704,203160,True,2014-02-10,2
76561198074291619,99900,True,2015-10-02,1
cheetahpocalypse,72850,True,2014-02-16,2
cheetahpocalypse,440,True,2013-02-25,2
Axzothrift,393420,True,2015-12-19,0
harharharharhar,304930,True,2015-02-22,1
chicken_tonight,227940,True,2015-11-18,0
chicken_tonight,313120,True,2015-03-07,2
chicken_tonight,220200,True,2014-11-04,2
chicken_tonight,285900,True,2015-11-18,2
chicken_tonight,1840,True,2015-09-30,2
chicken_tonight,206190,True,2015-09-03,2
chicken_tonight,268650,True,2015-08-15,2
chicken_tonight,304930,True,2014-09-21,2
chicken_tonight,223670,True,2014-03-17,2
chidvd,107100,True,2011-12-27,2
chidvd,420,True,2011-02-22,2
chidvd,400,True,2010-12-20,2
chidvd,239720,True,2014-03-06,1
chidvd,224060,True,2015-07-15,2
chidvd,376560,True,2015-07-23,2
chidvd,290750,True,2014-05-10,1
chidvd,220,True,2012-02-01,1
76561198056960847,230410,True,2014-09-01,1
76561198056960847,243870,True,2014-06-22,2
76561198097450390,25890,False,2015-11-29,0
76561198097450390,4000,True,2015-12-06,1
76561198097450390,42960,True,2015-07-14,1
76561198097450390,304930,False,2014-08-10,1
aerpub,265930,True,2014-03-29,2
aerpub,236090,True,2014-03-29,2
76561198078733772,301520,True,2015-03-28,1
76561198061273070,105600,True,2015-07-20,2
SmeshDoge,17080,True,2015-10-14,2
SmeshDoge,218230,True,2015-09-28,0
SmeshDoge,440,True,2015-02-22,2
SmeshDoge,730,True,2015-02-15,2
SmeshDoge,49520,True,2015-02-15,2
SmeshDoge,6860,True,2015-02-07,1
76561198037342853,730,True,2015-06-01,2
76561198062869989,204360,True,2015-08-13,2
76561198062869989,570,True,2013-12-19,2
76561198062869989,730,True,2015-08-22,1
76561198062869989,206210,True,2014-10-29,2
harrisonnorris,730,True,2015-06-25,2
76561198142474106,4000,True,2015-12-13,0
76561198142474106,363620,False,2015-12-07,2
76561198142474106,397340,True,2015-12-26,2
76561198142474106,107410,False,2015-10-24,2
Los_Shmurdos,206420,True,2014-12-25,2
ciborg2000,107410,True,2015-08-11,0
ciborg2000,203290,False,2015-11-06,1
ciborg2000,304050,True,2015-10-15,1
ciborg2000,620,True,2013-11-10,2
Mikinmash,33930,True,2013-11-25,2
76561198060510583,440,True,2014-02-02,2
Norf_Norf,22380,True,2014-06-01,1
Norf_Norf,6020,True,2014-06-01,0
Norf_Norf,224260,True,2014-09-16,0
Norf_Norf,221100,True,2014-01-25,1
Norf_Norf,35450,True,2014-06-01,1
Norf_Norf,105600,True,2013-06-01,2
Norf_Norf,4000,True,2013-02-09,2
Norf_Norf,211820,False,2014-06-01,1
76561198041840982,4000,True,2013-12-21,1
76561198056339034,319510,False,2015-11-04,1
76561198056339034,292030,True,2015-10-02,2
76561198056339034,20920,True,2015-11-22,2
76561198056339034,206420,True,2015-09-08,2
OfficialSenix,312280,True,2015-11-18,2
OfficialSenix,417860,False,2015-11-25,0
OfficialSenix,440,True,2015-09-12,2
OfficialSenix,311210,False,2015-11-20,2
OfficialSenix,227940,False,2015-09-23,2
OfficialSenix,730,True,2014-12-21,2
OfficialSenix,4000,False,2015-04-11,1
OfficialSenix,273110,False,2015-10-19,2
OfficialSenix,570,False,2015-09-11,2
OfficialSenix,224260,True,2015-09-11,1
mike14476,8870,True,2014-08-08,1
mike14476,200510,True,2014-04-28,2
mike14476,22380,True,2014-03-20,2
Clawz3z,105600,True,2014-04-19,2
76561198079650317,34900,True,2015-06-12,1
76561198071207551,440,True,2013-12-10,1
76561198071207551,105600,True,2015-07-17,1
76561198071207551,264200,True,2015-10-03,2
76561198071207551,42680,True,2015-09-28,2
76561198071207551,354140,True,2015-05-28,0
76561198071207551,4000,True,2014-06-28,1
76561198071207551,218230,True,2013-12-21,2
76561198061039259,550,True,2014-02-15,2
76561198061039259,208090,True,2014-02-05,2
76561198061039259,34830,False,2013-12-29,0
76561198074202726,291210,True,2015-07-15,0
76561198074347537,4000,True,2014-06-17,1
SurfChicken,730,True,2015-06-16,2
76561198126142125,236390,False,2014-05-09,0
76561198043339975,252950,True,2015-09-18,2
76561198043339975,203140,True,2013-12-16,2
76561198043339975,202970,True,2013-11-28,2
76561198043339975,204450,True,2015-06-27,2
69bmw,355180,True,2015-09-06,1
69bmw,440,False,2015-07-10,0
76561198067414480,730,True,2014-04-11,2
76561198067414480,218620,True,2015-08-22,2
76561198078246064,233270,True,2015-04-18,1
76561198078246064,218230,True,2015-01-08,2
iamshingo,218620,True,2013-12-22,2
SirParadiseLost,239030,True,2015-06-07,2
SirParadiseLost,41700,True,2015-06-07,2
SirParadiseLost,218620,False,2014-07-12,2
SirParadiseLost,24240,True,2012-10-28,1
Rafantasma,440,True,2013-02-07,2
SupermanSocks17,200510,True,2015-04-02,2
SupermanSocks17,325610,True,2015-02-18,2
SupermanSocks17,203140,True,2015-02-09,0
SupermanSocks17,39120,True,2015-01-14,2
SupermanSocks17,72850,True,2015-01-11,2
SupermanSocks17,570,True,2014-04-21,2
SupermanSocks17,261030,True,2014-01-01,2
76561198061456632,8930,True,2015-12-23,0
76561198061456632,301640,True,2015-12-13,0
76561198061456632,223850,True,2015-12-08,2
76561198049614185,223710,True,2015-07-08,1
76561198049614185,236390,True,2014-02-27,2
76561198049614185,244450,True,2014-12-31,2
76561198049614185,8190,False,2014-06-24,0
76561198049614185,50130,True,2015-08-02,2
76561198049614185,227940,True,2014-07-25,2
76561198049614185,51100,False,2014-04-26,2
76561198049614185,22380,True,2014-02-14,0
76561198046958203,35420,True,2013-12-15,2
76561198046958203,221100,True,2014-06-21,2
76561198046958203,353690,True,2015-10-25,1
76561198046958203,238430,True,2014-02-15,2
76561198046958203,208090,True,2014-02-07,2
76561198046958203,24240,True,2014-01-10,2
76561198046958203,224260,True,2013-11-11,2
UnseenEvangelist,202970,False,2014-03-01,1
jichaelcoaching,377160,True,2015-12-15,1
MT-101,334230,True,2015-02-14,2
76561198172099661,440,True,2015-04-22,2
76561198172099661,4000,True,2015-10-30,2
76561198172099661,265630,True,2015-05-09,1
ConjuredMadness,219740,True,2013-12-12,2
ConjuredMadness,228180,True,2014-11-04,2
ConjuredMadness,209160,True,2014-10-30,2
cookieblade,219740,True,2013-08-27,0
coolslayer666,730,True,2014-11-22,1
cheese_is_illuminati,730,True,2015-12-27,1
76561198042756236,289650,False,2014-12-02,0
ndrss,255480,True,2014-04-18,0
ndrss,11610,True,2013-11-26,2
76561198081677554,22380,True,2015-06-21,1
76561198081677554,550,True,2015-01-10,1
Gamercubeeyes,271590,True,2015-04-14,2
76561198091515229,440,True,2015-01-03,2
NotJustAnyOrange,374570,True,2015-06-03,2
Cosmonaut123456789,440,True,2014-09-14,1
Cosmonaut123456789,12110,True,2014-09-15,1
Cosmonaut123456789,221100,True,2015-09-08,0
76561197971591275,377160,True,2015-12-06,2
aProfileInTheMidOfNowhere,730,True,2015-11-29,2
76561198107928649,202970,True,2014-02-08,2
76561198107928649,730,True,2014-04-05,2
76561198107928649,4000,False,2015-12-19,1
76561198056352983,231430,True,2014-06-27,2
76561198104404617,105600,True,2015-10-12,2
76561198104404617,304930,True,2015-12-16,2
76561198104404617,440,True,2014-04-19,1
76561198071955492,330830,True,2014-11-25,2
76561198071955492,214490,True,2014-10-25,1
76561198071955492,2600,True,2015-04-30,1
76561198071955492,330840,True,2014-12-03,2
76561198071955492,282070,True,2014-11-23,0
76561198071955492,230230,True,2014-09-09,2
76561198071955492,207610,True,2013-09-26,0
76561198071955492,70,True,2013-08-07,2
76561198071955492,20900,True,2013-07-19,1
bruhbruhxd,311210,True,2015-11-20,2
bruhbruhxd,221100,True,2014-01-25,2
Crazymac123,252490,True,2014-02-01,1
Crazymac123,221100,True,2013-12-19,0
Crazymac123,291480,True,2014-10-18,1
Crazymac123,230410,True,2014-12-10,1
76561198135673978,105600,True,2015-12-05,2
76561198045148546,306130,False,2015-07-11,2
76561198077244610,730,False,2015-12-27,1
76561198063850360,416690,True,2015-12-22,2
76561198080465715,304930,True,2014-07-24,1
cripla66,9930,True,2014-06-20,1
76561198064305132,440,True,2015-12-09,1
76561198067214601,224540,True,2013-01-23,2
76561198067214601,263020,True,2014-02-17,2
76561198067214601,207140,True,2014-08-30,2
76561198067214601,67370,True,2014-03-08,2
76561198067214601,250600,True,2014-02-23,2
76561198067214601,205100,True,2013-09-12,2
76561198017913139,227680,False,2015-05-18,0
76561198017913139,264710,True,2015-06-06,1
76561198017913139,263440,False,2014-06-19,1
OldLeakyBoat,250900,True,2015-05-27,2
SSAANNEESS,218620,False,2015-10-17,1
SSAANNEESS,251990,True,2014-11-29,0
SSAANNEESS,230410,True,2014-06-04,2
SSAANNEESS,227280,True,2014-10-25,0
getyourmarsbar,4920,False,2015-08-01,1
76561198107811819,224260,True,2015-02-27,2
76561198107811819,304930,True,2015-02-27,2
76561198107811819,346120,True,2015-02-27,2
76561198107811819,22120,True,2015-02-23,0
76561198107811819,212800,True,2014-02-10,2
76561198107811819,241640,True,2014-01-29,2
aweoplopo,42700,True,2014-09-11,2
76561198042921883,242760,True,2015-03-06,1
kanekicg,423880,True,2015-12-11,2
kanekicg,207610,True,2013-07-18,1
76561198048024738,383080,True,2015-11-28,1
76561198048024738,4000,True,2014-01-24,1
76561198084976671,8930,True,2014-02-25,2
76561198084976671,4700,True,2015-04-04,1
76561198084976671,10500,True,2014-11-13,2
76561198084976671,22370,True,2014-02-21,2
THE_ART_OF_FEEDING,209730,False,2013-12-29,2
THE_ART_OF_FEEDING,570,True,2013-12-02,2
76561198039197193,208090,True,2014-02-01,1
76561197996190797,570,True,2015-04-24,2
76561197995146150,351555,True,2015-05-20,0
76561198082559637,250400,True,2015-06-16,2
76561198082559637,332350,True,2015-04-08,2
DKA013,208090,True,2014-02-01,1
DKA013,72850,True,2014-01-06,2
DKA013,201700,False,2014-02-24,1
76561198069345625,570,True,2015-01-04,2
D00MS,10180,True,2014-07-11,2
76561198059201575,107410,True,2015-06-25,1
76561198059201575,244850,True,2015-06-25,2
76561198060901683,213670,True,2014-03-05,0
76561198060901683,228380,True,2014-01-17,2
76561198074763789,203160,True,2015-12-06,2
76561198074763789,242920,True,2015-11-14,2
76561198074763789,314020,False,2015-07-11,2
76561198074763789,223470,True,2015-07-11,2
76561198074763789,57690,True,2015-04-06,2
76561198074763789,317360,True,2015-01-28,2
76561198074763789,233130,True,2015-01-04,0
DABLUICE,218620,False,2015-11-13,0
BlitzGames,249130,True,2014-06-07,2
BlitzGames,440,True,2014-01-09,2
BlitzGames,204300,True,2013-12-12,2
DaftyTM,730,True,2015-09-30,1
76561197992227006,301520,False,2015-06-27,1
76561197992227006,227680,True,2014-06-24,1
76561197992227006,208090,False,2014-02-04,1
76561197992227006,239070,True,2013-12-22,1
76561198070775610,113020,True,2015-10-01,1
76561198070775610,440,True,2012-11-23,2
76561198012514677,4000,True,2015-03-28,1
76561197970691715,212680,True,2013-07-05,0
misterross,241600,True,2014-03-08,2
misterross,104900,True,2014-02-22,2
76561198044888778,320350,True,2015-03-10,2
mainkradxdxdx,440,True,2013-06-21,1
76561198101576470,105600,True,2015-06-22,2
76561198101576470,304930,True,2014-08-13,1
76561198101576470,4000,True,2013-11-29,2
Dante69123,58610,False,2014-12-21,0
Dante69123,301520,True,2015-06-24,2
Dantress,263060,True,2015-05-29,2
76561198079220364,301520,False,2014-07-31,0
76561198079220364,8980,True,2014-06-27,2
DareTheSeal,233250,True,2014-05-29,2
DareTheSeal,48700,True,2015-12-02,2
DareTheSeal,236390,True,2013-12-07,2
blackcheeze,24720,True,2015-12-29,2
blackcheeze,216150,True,2014-06-30,2
blackcheeze,105600,True,2012-10-19,2
6dighero,325610,True,2015-02-19,2
6dighero,239140,True,2015-01-27,0
DarkDragonForce,244850,True,2014-12-16,2
76561198044594262,282070,True,2015-01-04,0
76561198044594262,730,True,2014-12-18,1
76561198021814659,224500,True,2013-06-30,2
76561198021814659,416670,False,2015-12-22,2
76561198021814659,280790,True,2014-08-13,2
76561198021814659,233860,True,2014-02-03,2
76561198078913614,312990,True,2014-08-09,1
76561198078913614,550,True,2013-12-26,2
BOBROSSJPEGEXE,287450,True,2015-12-06,1
BOBROSSJPEGEXE,105600,True,2014-02-26,2
blablabla174,730,True,2015-12-20,1
fatppl,211420,True,2015-01-10,2
76561198050864519,273350,True,2015-06-13,2
datts,730,True,2014-04-23,2
sirkillsalot1337,200210,True,2015-08-06,0
sirkillsalot1337,218620,True,2014-09-30,2
76561198082545803,252490,True,2014-02-20,2
76561198115099755,211820,True,2015-01-30,1
76561198046045640,730,True,2014-06-04,2
76561198046045640,440,True,2013-07-16,1
76561198046045640,57690,True,2014-06-04,2
76561198046045640,55140,True,2013-07-16,2
76561198046045640,22380,True,2013-07-16,2
76561198046045640,4560,True,2012-12-16,2
76561198195091390,730,True,2015-08-31,2
76561198084697858,268750,True,2015-11-12,0
76561198084697858,212680,True,2015-04-16,2
76561198008827809,278080,True,2014-07-25,0
76561198008827809,234330,True,2014-05-07,2
76561198008827809,105600,True,2013-05-08,2
76561198039605834,236430,True,2014-05-31,0
Yugm,271290,False,2014-07-05,0
Yugm,248570,True,2014-06-23,0
Yugm,4000,True,2014-02-24,1
Yugm,244850,True,2013-11-18,0
dblddr,218620,True,2014-10-17,2
dblddr,440,True,2014-06-26,1
deathbreath220,250900,True,2015-08-07,1
76561198084112448,250500,True,2015-01-30,2
76561198097730477,238240,False,2014-03-15,2
DeepCrysis,730,True,2014-08-07,0
shay181,287390,True,2015-12-02,2
shay181,304930,True,2015-10-06,2
degen97,6060,True,2013-12-26,1
deltalink21,204180,True,2015-08-19,2
deltalink21,232090,True,2015-10-24,2
deltalink21,221640,True,2015-05-17,0
Qzt,224420,False,2014-12-15,0
Qzt,270550,True,2014-12-14,1
Qzt,104900,True,2014-12-13,1
Qzt,51100,False,2014-11-01,0
Qzt,204300,True,2014-10-26,2
Qzt,730,True,2014-10-20,2
Qzt,113020,True,2014-08-01,2
76561198052661205,224540,False,2014-02-10,1
76561198052661205,4000,True,2012-05-31,1
76561198071716213,346110,True,2015-09-09,1
76561198071716213,264710,True,2015-05-23,1
76561198071716213,319510,True,2014-11-03,0
76561198065988138,1250,True,2014-11-24,1
Denied72,43110,True,2012-09-25,2
76561198034337192,243870,True,2014-12-06,2
76561198056953510,222900,False,2014-09-15,2
76561198056953510,49520,True,2014-08-24,2
76561198047363411,730,True,2014-07-01,1
76561198068479124,218230,True,2013-12-12,2
GetMLGRekt,383120,False,2015-10-02,0
GetMLGRekt,304930,True,2015-10-23,2
BoyangBao,99900,True,2013-02-08,2
meeman,241930,True,2015-01-19,2
fuzzygrilz,228940,True,2014-07-26,2
fuzzygrilz,49470,True,2014-03-07,2
fuzzygrilz,255420,True,2014-10-02,2
Derkness,251570,True,2014-03-01,2
76561198086282677,730,True,2013-12-15,0
76561198086282677,230410,True,2013-05-25,1
DerpyAura,440,True,2014-01-26,2
DerpyAura,550,True,2014-06-19,2
DerpyAura,218620,True,2015-09-01,2
DerpyAura,266010,True,2015-07-09,2
DerpyAura,235460,True,2015-03-28,1
DerpyAura,49520,True,2014-01-04,2
76561198021745490,251060,True,2015-02-19,2
beepbeepimasheep,327890,True,2014-12-06,1
76561198032293266,241540,True,2015-09-29,2
76561198032293266,239140,True,2015-09-23,2
76561198032293266,261030,True,2014-02-14,1
76561198057406795,333930,True,2015-06-16,2
76561198074942714,244850,True,2014-01-17,2
76561198091717988,265630,True,2014-10-05,2
76561198091717988,301520,True,2014-10-05,2
76561198091717988,570,True,2014-05-18,2
76561198126500843,227700,True,2015-06-20,2
Des_Mondo,244850,True,2014-06-28,2
76561198066881691,570,True,2014-08-03,2
76561198042146054,204360,True,2012-12-20,0
76561198093191096,243870,True,2014-04-13,2
Device600,730,True,2015-05-11,1
Devmabby,245170,False,2015-02-05,0
Devmabby,204100,True,2015-05-01,2
Devmabby,7670,True,2014-12-13,2
Devmabby,206190,True,2014-06-30,1
Devmabby,221100,True,2014-06-30,1
76561197980614542,730,True,2014-05-13,2
76561197971532272,13140,False,2014-01-14,1
76561197971532272,72840,True,2015-06-22,2
76561197971532272,8930,True,2014-01-13,1
wenndiesoldaten,4560,True,2015-05-10,1
TacticalLynx,730,True,2014-01-15,2
djman56,317400,True,2015-07-31,2
76561198114039731,620,True,2014-04-25,2
digfernandes,21690,True,2015-05-27,2
digfernandes,570,True,2015-01-08,1
digfernandes,214490,True,2015-01-04,0
digfernandes,304240,True,2015-01-20,1
digfernandes,214250,False,2014-08-21,1
digfernandes,70,True,2014-07-28,0
digfernandes,38410,True,2014-10-28,1
digfernandes,274190,True,2014-10-14,1
dijakeplays,346110,True,2015-06-11,2
dijakeplays,70000,True,2013-12-18,2
dijakeplays,321360,True,2014-12-04,2
ohplsguuby,570,True,2015-09-28,1
ohplsguuby,220,True,2015-07-10,0
ohplsguuby,550,True,2015-07-15,1
ohplsguuby,730,True,2015-06-08,1
ohplsguuby,255710,True,2015-03-23,2
ohplsguuby,233720,True,2015-03-08,1
ohplsguuby,105600,True,2015-07-25,0
ohplsguuby,265930,False,2015-11-15,0
ohplsguuby,233450,True,2015-10-14,0
NathanielPeace,239800,True,2014-06-09,2
NathanielPeace,333930,True,2015-07-23,2
NathanielPeace,329490,True,2015-05-29,0
NathanielPeace,278080,True,2014-12-24,1
NathanielPeace,250600,True,2014-07-02,2
76561198072486822,218620,True,2015-06-22,0
76561198099102298,230410,True,2015-12-27,1
76561198099102298,304930,True,2014-07-29,0
76561198059166102,319630,True,2015-04-06,0
ShrikeShrikeShrikeShrikeShrike,49600,True,2015-04-11,1
ShrikeShrikeShrikeShrikeShrike,730,True,2015-04-11,2
ShrikeShrikeShrikeShrikeShrike,221640,True,2014-07-02,1
ShrikeShrikeShrikeShrikeShrike,238460,True,2014-07-02,1
efefuyg3g4u5u22u4yv,302380,True,2014-06-25,2
efefuyg3g4u5u22u4yv,210770,True,2014-01-26,2
76561198058711482,105600,True,2015-12-21,1
dimitriirfan,730,True,2015-06-18,1
Dobble,8870,True,2014-06-27,2
76561198023903233,409160,True,2015-12-28,2
KingOfOpportunity,49520,True,2014-04-26,0
doctorpotatoes,243870,False,2014-06-25,0
doctorpotatoes,204300,True,2015-03-12,2
doctorpotatoes,374570,True,2015-05-29,1
doctorpotatoes,274190,True,2015-02-25,2
doctorpotatoes,219150,True,2015-02-13,2
doctorpotatoes,225140,True,2015-02-13,1
doctorpotatoes,730,True,2015-02-13,2
doctorpotatoes,233720,True,2015-02-13,0
doctorpotatoes,239030,True,2015-02-13,2
doctorpotatoes,265810,False,2015-01-09,1
76561198103858676,440,True,2014-05-25,1
76561198083029873,41070,True,2013-11-10,1
1920410,224540,False,2014-02-20,1
76561198049760472,730,True,2014-06-30,2
6294421419,224260,True,2013-12-12,2
6294421419,570,True,2014-04-06,1
76561198081443272,219740,True,2015-01-04,1
regentorange,221100,True,2014-12-08,1
regentorange,344760,False,2015-04-27,1
regentorange,208580,True,2013-12-21,2
regentorange,32370,True,2012-07-26,2
76561198120646995,301520,True,2015-03-14,0
76561197990557433,8930,True,2015-07-30,1
diglekango,218620,True,2015-08-23,1
diglekango,247000,True,2015-03-12,2
76561198055370293,221100,True,2014-07-03,2
76561198055370293,238320,True,2014-03-07,1
duzim,335330,False,2015-05-11,1
duzim,313740,False,2015-06-05,1
duzim,440,True,2015-05-31,1
duzim,351290,True,2015-04-20,0
76561197995098683,214490,True,2014-12-01,2
76561197995098683,40100,True,2010-11-23,0
DropBear99,221100,True,2015-01-17,2
banjoabbyshelly,271590,True,2015-04-15,0
swscorpian,346010,True,2015-02-04,2
swscorpian,25010,True,2015-12-05,0
swscorpian,357330,True,2015-11-06,1
thecosplayermotherfucker,440,True,2015-03-18,2
123repulseMe,244850,True,2014-10-10,2
123repulseMe,319630,True,2015-02-02,2
123repulseMe,49520,True,2014-06-29,1
76561197969800840,206190,True,2015-12-12,2
Cab117,266510,True,2015-02-19,2
Cab117,313120,True,2015-01-23,2
Cab117,102500,True,2015-01-14,2
Cab117,34870,False,2013-12-29,1
Cab117,230410,True,2013-11-27,2
Cab117,72850,True,2013-10-01,1
DrVendax,321980,True,2014-12-07,2
DrVendax,342300,True,2015-03-25,0
DrVendax,208090,True,2014-02-02,1
DrVendax,242760,True,2014-05-30,2
DrVendax,242920,True,2014-10-03,2
76561198090773476,107900,False,2015-01-28,2
76561198090773476,224540,True,2014-11-06,2
76561198090773476,24240,True,2014-06-26,2
thedragon347,570,True,2014-11-25,1
thedragon347,35720,True,2013-12-29,2
76561198015157743,206440,True,2014-11-18,2
76561198073725626,730,True,2014-08-17,0
76561198073725626,72850,True,2015-07-17,0
76561198073725626,203160,True,2015-06-20,2
76561198084378649,236110,True,2015-11-27,1
76561198097534775,287290,True,2015-12-03,1
76561198097534775,209000,True,2014-08-20,1
76561198097534775,550,True,2014-04-29,2
76561198097534775,44350,True,2013-09-20,1
DrumEssence,241540,True,2014-01-10,1
ashley1222,4000,True,2015-12-31,1
76561198165512984,4000,True,2015-12-06,2
76561198165512984,209160,True,2015-04-13,2
76561198165512984,730,False,2015-11-13,0
mrenigmate,35140,True,2013-12-28,2
vitoprofile,236850,True,2014-06-13,2
vitoprofile,8930,True,2014-03-06,2
vitoprofile,304930,False,2014-12-19,1
vitoprofile,65980,False,2015-10-16,1
vitoprofile,252490,False,2015-04-11,0
76561198057119793,244850,True,2014-06-07,2
76561198057119793,630,True,2014-02-02,2
JamesDurham23JubileeRd,730,True,2015-08-15,2
JamesDurham23JubileeRd,218620,True,2015-04-18,2
JamesDurham23JubileeRd,34330,True,2015-03-29,0
JamesDurham23JubileeRd,367240,False,2015-08-14,0
JamesDurham23JubileeRd,234190,True,2015-04-13,0
JamesDurham23JubileeRd,35450,True,2015-01-05,1
Congo-Jack,570,True,2015-02-26,1
76561198018159202,730,True,2014-12-19,2
76561198080980901,201810,True,2015-09-21,1
76561198080980901,570,True,2015-02-27,1
76561198080980901,48700,True,2015-01-05,0
76561198066955730,212500,True,2014-06-22,1
76561198066955730,47410,False,2014-03-25,2
76561198066955730,212180,False,2014-01-17,0
76561198066955730,550,True,2013-12-20,2
76561198066955730,200710,True,2013-12-11,2
76561198066955730,440,True,2013-10-02,2
76561198066955730,65800,True,2013-02-11,2
dyslexicdew,330840,True,2015-06-14,2
Dysloyal,243870,True,2014-04-13,1
Eack,218620,True,2015-11-01,2
76561198049435011,236390,True,2014-04-08,1
edgar_its_the_popo,72850,True,2015-09-01,1
edgar_its_the_popo,232090,True,2015-08-22,2
riseofnations231,730,True,2014-09-03,2
Efreak,207250,True,2012-07-05,2
Efreak,38240,True,2012-05-30,2
Efreak,200210,True,2013-02-19,2
Efreak,313340,True,2014-08-18,1
76561198038840599,65800,True,2015-08-10,2
76561198038840599,223710,True,2015-07-06,0
76561198038840599,1250,True,2015-06-22,1
76561198038840599,48700,True,2015-06-22,2
76561198038840599,218230,True,2013-11-18,1
SuccForCancer,8930,True,2014-07-01,2
UberDuckLord,238430,True,2014-08-30,2
hashandtag,252490,True,2014-01-07,1
hashandtag,730,True,2015-04-16,2
hashandtag,550,True,2014-09-25,1
JZargo4Pres,221380,True,2015-02-23,1
JZargo4Pres,730,True,2015-02-05,0
XavvPlays,319510,True,2015-02-09,1
XavvPlays,200260,True,2015-09-27,0
XavvPlays,440,True,2015-05-10,2
XavvPlays,226320,False,2015-08-17,1
XavvPlays,238460,True,2015-11-03,0
XavvPlays,45760,True,2015-05-16,2
XavvPlays,24200,True,2014-03-28,2
ELCHUZZY69,200210,True,2014-01-03,0
117331,570,True,2015-08-06,2
Clarkos,230410,True,2013-11-28,1
eljefe2171,295110,True,2015-10-26,1
eljefe2171,10500,True,2014-03-26,1
eljefe2171,227940,True,2014-08-08,2
76561198140431707,39000,True,2015-12-27,2
LapFucksTrax,234190,True,2015-07-18,1
LapFucksTrax,211820,True,2015-06-15,1
pon2543007,248610,True,2014-12-31,1
pon2543007,215530,True,2014-10-09,1
pon2543007,205100,True,2013-12-21,2
pon2543007,35450,True,2013-05-05,1
pon2543007,238320,True,2014-03-27,2
pon2543007,13570,True,2014-03-03,1
pon2543007,211400,True,2014-01-02,1
pon2543007,236430,True,2014-05-26,2
76561198064445006,346110,True,2015-08-18,2
en-esta-partecita-esta-zacler,281050,True,2014-11-14,1
EnderRay10420,230410,True,2014-08-27,1
EnderRay10420,9480,True,2014-07-09,1
Mr_Doge,4000,True,2014-05-10,2
76561198026040814,211420,True,2015-11-26,0
76561198026040814,214950,True,2015-08-07,0
76561198026040814,222750,True,2013-12-25,0
PurpleGenius,33930,True,2014-11-07,2
epicsquid,22370,True,2013-12-21,2
epicsquid,220780,True,2014-01-02,2
76561198097219763,224260,True,2014-04-28,1
76561198097219763,440,True,2014-04-15,1
76561198170217862,8930,True,2015-06-13,1
76561198117877658,248570,True,2014-07-16,0
76561198073082088,319630,True,2015-07-19,2
EternumHD,4000,True,2014-04-23,2
SpecialSomeone,730,True,2014-12-15,2
compuguy123,301520,True,2014-08-06,2
compuguy123,333950,True,2015-12-24,1
compuguy123,730,True,2015-12-24,2
compuguy123,35450,True,2015-08-24,2
76561198041889877,220240,False,2014-08-21,0
76561198041889877,235460,True,2014-08-18,2
76561198041889877,238460,True,2014-07-18,2
76561198041889877,211420,True,2014-06-26,2
76561198041889877,236390,True,2014-06-25,1
76561198064260593,49520,True,2015-07-03,1
hayen-,730,True,2015-12-08,2
76561198068174077,730,True,2015-09-30,2
76561197995939652,222880,True,2014-05-26,2
76561197995939652,218230,True,2013-07-14,2
76561197995939652,205100,True,2014-04-06,2
76561197995939652,550,True,2013-04-02,2
hoot_toot,271590,True,2015-12-02,1
hoot_toot,1900,False,2014-07-08,2
76561198028187926,374570,True,2015-05-29,1
ExtraEdition,224600,True,2014-06-17,1
76561198088408984,236390,False,2015-12-28,1
76561198088408984,214950,True,2014-11-08,1
76561198088408984,224260,True,2013-12-10,1
sgtkitty,299740,False,2015-12-09,0
76561198065247694,253710,False,2014-10-20,0
76561198065247694,339800,True,2015-10-04,1
76561198065247694,24240,True,2015-04-13,2
76561198065247694,1250,True,2015-03-08,2
76561198065247694,206210,True,2014-10-30,2
76561198054549164,289950,True,2015-04-01,1
76561198094506909,214490,False,2015-06-16,2
76561198094506909,252490,False,2015-06-13,0
Letachal,245550,True,2015-10-20,2
Letachal,249870,True,2015-10-11,2
Letachal,363970,True,2015-09-21,2
Letachal,207620,True,2015-09-18,0
Letachal,219740,True,2013-10-29,1
Letachal,207610,True,2013-08-25,1
Letachal,400,True,2012-12-13,1
Letachal,220,True,2012-12-13,1
Letachal,440,True,2012-11-24,1
76561198046912445,211820,True,2015-02-17,1
76561198046912445,301520,False,2015-02-14,2
76561198046912445,1250,True,2014-07-17,2
76561198046912445,212680,True,2014-06-24,2
falynax,730,True,2015-11-11,2
falynax,221100,False,2015-11-11,0
PlainLukekil,245170,True,2014-06-25,1
76561198103524411,200510,True,2014-07-24,2
76561198103524411,242860,True,2015-06-17,1
rockethaul,48700,True,2014-07-06,2
76561198106239471,730,True,2015-07-24,2
76561198085107826,570,True,2014-02-03,2
76561198047208774,4000,True,2015-04-29,2
76561198047208774,440,True,2012-12-11,0
FeatInk,271590,True,2015-05-14,2
FeatInk,7670,True,2014-08-22,2
FeatInk,105600,True,2014-02-20,2
FeatInk,550,True,2013-12-25,2
FeatInk,8870,True,2013-10-24,1
FeatInk,219890,True,2013-09-10,2
FeatInk,570,True,2013-05-17,1
bigprenis,218620,True,2014-08-12,1
bigprenis,730,True,2015-09-19,0
bigprenis,296470,True,2015-04-04,2
76561198068086235,49520,True,2014-06-07,1
dahaydos,243870,True,2014-04-14,2
dahaydos,222880,True,2014-04-16,2
dahaydos,247910,False,2014-04-14,1
dahaydos,107410,True,2015-06-28,2
dahaydos,221100,True,2014-03-01,2
dahaydos,440,True,2013-12-13,1
dahaydos,730,True,2013-12-09,2
matt20131,105600,True,2014-12-01,1
76561198028357316,221100,False,2015-09-09,0
76561198090768760,440,True,2014-07-17,0
Mrawes0m3,8930,True,2014-12-13,2
InsightXIVC,228380,True,2014-02-01,2
InsightXIVC,200710,True,2013-12-16,2
76561198054211660,730,True,2015-05-23,2
76561198054211660,262410,True,2014-06-03,2
76561198054211660,440,True,2014-04-11,2
izumireina,4000,True,2015-11-03,2
izumireina,730,True,2015-01-14,2
Fetolino,227940,False,2015-02-08,1
Fetolino,301520,True,2014-08-01,1
76561198032373589,235360,True,2013-12-09,1
76561198032373589,91700,True,2012-01-22,2
Fiesta787,252950,True,2015-08-21,2
76561197960425229,226980,True,2014-05-08,2
76561198057473311,346900,True,2015-09-21,2
76561198057473311,440,True,2014-11-11,0
76561198068825441,252490,False,2014-01-31,0
LetsBeOn,295110,True,2015-01-22,2
76561198061285334,264200,True,2015-04-12,2
76561198061285334,242720,False,2015-01-11,2
76561198061285334,33230,True,2014-10-09,2
Takmid,222880,True,2014-03-31,2
Takmid,282660,True,2015-11-22,2
76561198075229095,222880,True,2015-09-19,1
76561198003855855,250420,True,2013-12-31,2
OH_MY_GOSH,218620,False,2015-10-16,2
modtech,570,True,2014-04-06,2
modtech,243870,False,2015-10-21,1
modtech,391460,True,2015-09-24,2
Fliqi,730,True,2015-05-16,2
adderz308,730,True,2013-12-10,1
BajanCanidian,440,True,2014-10-17,2
BajanCanidian,218620,True,2014-10-17,1
Fluphy_,570,False,2013-12-15,2
Fluphy_,265930,True,2014-07-26,2
Fluphy_,550,True,2013-12-15,2
Fluphy_,440,True,2013-09-20,1
Fluphy_,49520,True,2014-01-13,2
Fluphy_,105600,True,2014-12-05,1
Fluphy_,730,True,2014-12-05,2
Fluphy_,4000,True,2013-11-27,1
76561198021135914,218620,True,2014-01-05,1
76561198162487321,346110,True,2015-10-30,2
76561198162487321,418070,True,2015-12-10,2
Anthonybasso,204300,True,2014-08-14,1
Anthonybasso,206210,True,2014-06-24,2
76561198124526584,219740,True,2015-07-29,2
76561198124526584,105600,True,2014-09-27,2
76561198044471846,730,True,2015-05-15,2
FORTHMINGUTH,304930,True,2014-09-22,2
FORTHMINGUTH,440,True,2013-03-19,2
TruBru,222900,True,2014-07-26,0
76561198007165405,209730,False,2014-07-07,0
tyrone266,440,True,2014-12-08,2
Frankaloons,107410,True,2015-02-23,0
Frankaloons,4000,True,2014-07-28,2
Frankaloons,270370,True,2015-03-15,2
Frankaloons,301970,True,2015-08-27,2
Frankaloons,275700,True,2015-05-12,2
jach5270,8190,True,2014-11-12,2
jach5270,219150,True,2014-01-02,2
jach5270,550,True,2013-02-04,2
76561197995338574,730,True,2014-09-06,1
76561197995338574,374570,True,2015-05-29,1
76561197995338574,218620,True,2013-08-14,2
76561197995338574,28050,True,2013-07-15,1
76561197995338574,4000,True,2012-11-09,2
76561198066916378,244850,True,2014-09-18,2
76561198066916378,233250,False,2014-09-08,2
76561198066916378,440,True,2015-03-06,2
76561198066916378,6060,True,2014-05-03,2
76561198066916378,4000,True,2013-12-27,2
idsoftwaresquake,13250,True,2015-10-09,2
idsoftwaresquake,253610,True,2013-11-30,2
idsoftwaresquake,391540,True,2015-10-08,1
idsoftwaresquake,360740,True,2015-10-24,2
idsoftwaresquake,1250,True,2013-11-26,2
76561198057781627,290080,True,2014-10-18,1
76561198007208545,330210,False,2015-03-26,0
76561198062924967,64000,True,2013-12-25,1
76561198062924967,4560,True,2014-01-20,1
bradon745,730,True,2014-09-20,2
farmerbillson,227680,False,2013-11-29,0
iConnor_,440,True,2015-04-21,2
76561198091938654,204360,True,2015-10-14,1
76561198091938654,440,True,2013-11-16,1
dankememesforsweatyteens,230050,True,2014-06-22,1
76561198045421572,200210,True,2014-09-23,2
mudswipe,34900,True,2015-08-30,2
dazahh,208090,True,2014-02-22,2
dazahh,388520,False,2015-08-30,1
dazahh,107410,True,2014-07-17,2
dazahh,209160,True,2013-12-12,2
76561198019669521,8970,False,2015-08-10,0
76561197985634755,362890,True,2015-10-31,2
76561198067938749,730,True,2015-08-08,1
maketeanotwar,200710,True,2014-09-08,1
maketeanotwar,233290,True,2014-12-01,2
LeBovin,230410,True,2015-02-26,1
LeBovin,211420,True,2014-06-17,2
LeBovin,388520,True,2015-08-29,2
LeBovin,252490,True,2015-08-01,1
LeBovin,242760,True,2014-06-03,2
LeBovin,218620,True,2013-12-16,1
FunkMeister1,4000,True,2011-06-22,1
FunkMeister1,221910,True,2014-04-17,2
FunkMeister1,233250,True,2013-12-31,0
FunkMeister1,271290,False,2014-04-20,0
FunkMeister1,231430,True,2013-06-29,2
FunkMeister1,4560,True,2012-09-28,2
FunkMeister1,620,True,2011-04-22,2
FunkMeister1,6950,True,2011-03-22,2
FunkMeister1,13570,True,2010-12-12,2
76561198141880878,301520,False,2015-12-07,0
76561198025199025,72850,True,2015-04-25,1
76561198025199025,236090,True,2014-07-01,2
jb2481,570,True,2013-12-22,2
76561198034573935,48800,False,2015-10-02,2
76561198034573935,50130,True,2015-07-29,1
76561198034573935,24670,True,2014-09-15,2
76561198034573935,220200,True,2014-04-06,2
76561198034573935,33900,True,2014-01-21,2
76561198072724653,730,True,2015-05-18,0
76561198072724653,289650,False,2014-11-13,1
xKillerInstinct,730,True,2015-01-16,2
galvanicturtles,570,True,2014-01-31,2
JorazGamerGuy,259080,True,2015-02-21,1
JorazGamerGuy,212800,True,2014-07-08,2
JorazGamerGuy,730,True,2015-03-01,2
76561198089131001,203140,True,2014-01-19,1
loominis,335240,True,2015-07-22,2
tcase42,301520,True,2014-08-15,2
gatorgolfing,218620,True,2015-03-12,2
gatorgolfing,252490,True,2015-05-25,2
gatorgolfing,304240,True,2015-07-29,0
gatorgolfing,391540,True,2015-11-30,2
gatorgolfing,271590,True,2015-05-24,2
gatorgolfing,319510,True,2014-11-06,2
gatorgolfing,440,True,2013-05-11,1
gatorgolfing,10090,True,2013-03-23,2
gatorgolfing,730,True,2013-03-23,2
Has2Ragretz,208090,True,2013-12-10,2
76561198060072424,265630,True,2014-11-06,1
76561198060072424,304930,True,2014-08-07,1
76561198060072424,238960,True,2014-05-21,1
76561198060072424,242720,False,2014-02-22,1
76561198065466146,323370,True,2015-10-31,2
76561198065466146,212500,True,2015-04-10,2
76561198065466146,730,True,2015-03-18,1
HeavyfromHell,440,True,2015-10-15,2
HeavyfromHell,391540,True,2015-12-22,2
MysticZemo,10150,True,2015-04-05,0
MysticZemo,221640,True,2013-12-29,2
gfire555,301520,True,2015-06-25,2
gfire555,105600,True,2015-06-30,2
76561198050768829,730,False,2015-06-06,0
76561198036861500,550,True,2013-12-25,2
HiJason,273110,False,2014-10-08,2
ghostlybug22,570,True,2014-12-19,2
ghostlybug22,730,True,2015-06-24,2
ghostlybug22,8870,True,2014-05-23,2
ghostlybug22,10150,True,2014-05-09,2
ghostlybug22,205100,True,2014-08-27,2
ghostlybug22,252490,True,2015-07-22,2
ghostlybug22,55230,True,2014-05-23,2
GiBaPEzLife,730,True,2014-01-29,2
76561198079080583,72850,True,2015-12-23,2
gillinator,211820,True,2014-04-17,2
